"Station Name","TORONTO CITY"
"Province","ONTARIO"
"Latitude","43.67"
"Longitude","-79.40"
"Elevation","112.50"
"Climate Identifier","6158355"
"WMO Identifier","71508"
"TC Identifier","XTO"
"All times are specified in Local Standard Time (LST). Add 1 hour to adjust for Daylight Saving Time where and when it is observed."

"Legend"
"E","Estimated"
"M","Missing"
"NA","Not Available"

"Date/Time","Year","Month","Day","Time","Temp (°C)","Temp Flag","Dew Point Temp (°C)","Dew Point Temp Flag","Rel Hum (%)","Rel Hum Flag","Wind Dir (10s deg)","Wind Dir Flag","Wind Spd (km/h)","Wind Spd Flag","Visibility (km)","Visibility Flag","Stn Press (kPa)","Stn Press Flag","Hmdx","Hmdx Flag","Wind Chill","Wind Chill Flag","Weather"
"2016-11-01 00:00","2016","11","01","00:00","7.6","","1.6","","66","","","M","","M","","","100.73","","","","","","NA"
"2016-11-01 01:00","2016","11","01","01:00","7.4","","1.9","","68","","","M","","M","","","100.68","","","","","","NA"
"2016-11-01 02:00","2016","11","01","02:00","8.1","","3.0","","70","","","M","","M","","","100.67","","","","","","NA"
"2016-11-01 03:00","2016","11","01","03:00","7.4","","3.4","","76","","","M","","M","","","100.66","","","","","","NA"
"2016-11-01 04:00","2016","11","01","04:00","7.6","","3.8","","77","","","M","","M","","","100.55","","","","","","NA"
"2016-11-01 05:00","2016","11","01","05:00","7.6","","4.7","","82","","","M","","M","","","100.51","","","","","","NA"
"2016-11-01 06:00","2016","11","01","06:00","8.4","","4.9","","79","","","M","","M","","","100.49","","","","","","NA"
"2016-11-01 07:00","2016","11","01","07:00","8.6","","5.2","","79","","","M","","M","","","100.45","","","","","","NA"
"2016-11-01 08:00","2016","11","01","08:00","10.3","","5.4","","72","","","M","","M","","","100.47","","","","","","NA"
"2016-11-01 09:00","2016","11","01","09:00","11.0","","5.2","","68","","","M","","M","","","100.43","","","","","","NA"
"2016-11-01 10:00","2016","11","01","10:00","11.9","","5.3","","64","","","M","","M","","","100.43","","","","","","NA"
"2016-11-01 11:00","2016","11","01","11:00","11.5","","5.7","","67","","","M","","M","","","100.33","","","","","","NA"
"2016-11-01 12:00","2016","11","01","12:00","12.4","","6.3","","66","","","M","","M","","","100.27","","","","","","NA"
"2016-11-01 13:00","2016","11","01","13:00","13.1","","7.4","","69","","","M","","M","","","100.18","","","","","","NA"
"2016-11-01 14:00","2016","11","01","14:00","14.2","","8.6","","69","","","M","","M","","","100.14","","","","","","NA"
"2016-11-01 15:00","2016","11","01","15:00","15.1","","9.4","","68","","","M","","M","","","100.08","","","","","","NA"
"2016-11-01 16:00","2016","11","01","16:00","14.6","","9.5","","72","","","M","","M","","","100.08","","","","","","NA"
"2016-11-01 17:00","2016","11","01","17:00","14.8","","10.5","","76","","","M","","M","","","100.07","","","","","","NA"
"2016-11-01 18:00","2016","11","01","18:00","16.8","","12.6","","76","","","M","","M","","","100.12","","","","","","NA"
"2016-11-01 19:00","2016","11","01","19:00","16.8","","12.7","","77","","","M","","M","","","100.16","","","","","","NA"
"2016-11-01 20:00","2016","11","01","20:00","16.2","","12.9","","81","","","M","","M","","","100.17","","","","","","NA"
"2016-11-01 21:00","2016","11","01","21:00","16.4","","13.0","","80","","","M","","M","","","100.20","","","","","","NA"
"2016-11-01 22:00","2016","11","01","22:00","16.2","","13.1","","82","","","M","","M","","","100.24","","","","","","NA"
"2016-11-01 23:00","2016","11","01","23:00","15.7","","13.1","","85","","","M","","M","","","100.29","","","","","","NA"
"2016-11-02 00:00","2016","11","02","00:00","14.9","","13.2","","90","","","M","","M","","","100.32","","","","","","NA"
"2016-11-02 01:00","2016","11","02","01:00","15.0","","12.9","","88","","","M","","M","","","100.37","","","","","","NA"
"2016-11-02 02:00","2016","11","02","02:00","16.1","","13.3","","83","","","M","","M","","","100.42","","","","","","NA"
"2016-11-02 03:00","2016","11","02","03:00","15.1","","12.9","","87","","","M","","M","","","100.46","","","","","","NA"
"2016-11-02 04:00","2016","11","02","04:00","15.7","","13.1","","84","","","M","","M","","","100.50","","","","","","NA"
"2016-11-02 05:00","2016","11","02","05:00","15.0","","12.9","","88","","","M","","M","","","100.56","","","","","","NA"
"2016-11-02 06:00","2016","11","02","06:00","13.6","","11.9","","89","","","M","","M","","","100.62","","","","","","NA"
"2016-11-02 07:00","2016","11","02","07:00","14.1","","12.5","","91","","","M","","M","","","100.68","","","","","","NA"
"2016-11-02 08:00","2016","11","02","08:00","15.7","","13.1","","85","","","M","","M","","","100.78","","","","","","NA"
"2016-11-02 09:00","2016","11","02","09:00","16.4","","12.8","","80","","","M","","M","","","100.77","","","","","","NA"
"2016-11-02 10:00","2016","11","02","10:00","16.9","","11.7","","72","","","M","","M","","","100.72","","","","","","NA"
"2016-11-02 11:00","2016","11","02","11:00","17.0","","10.9","","67","","","M","","M","","","100.81","","","","","","NA"
"2016-11-02 12:00","2016","11","02","12:00","18.0","","10.4","","61","","","M","","M","","","100.75","","","","","","NA"
"2016-11-02 13:00","2016","11","02","13:00","18.9","","8.6","","51","","","M","","M","","","100.69","","","","","","NA"
"2016-11-02 14:00","2016","11","02","14:00","18.1","","10.3","","60","","","M","","M","","","100.67","","","","","","NA"
"2016-11-02 15:00","2016","11","02","15:00","17.5","","11.0","","66","","","M","","M","","","100.69","","","","","","NA"
"2016-11-02 16:00","2016","11","02","16:00","14.6","","12.8","","89","","","M","","M","","","100.65","","","","","","NA"
"2016-11-02 17:00","2016","11","02","17:00","14.2","","12.1","","87","","","M","","M","","","100.66","","","","","","NA"
"2016-11-02 18:00","2016","11","02","18:00","13.8","","12.1","","90","","","M","","M","","","100.74","","","","","","NA"
"2016-11-02 19:00","2016","11","02","19:00","12.9","","11.4","","91","","","M","","M","","","100.63","","","","","","NA"
"2016-11-02 20:00","2016","11","02","20:00","13.3","","12.0","","92","","","M","","M","","","100.64","","","","","","NA"
"2016-11-02 21:00","2016","11","02","21:00","13.4","","11.7","","90","","","M","","M","","","100.61","","","","","","NA"
"2016-11-02 22:00","2016","11","02","22:00","13.2","","11.8","","91","","","M","","M","","","100.59","","","","","","NA"
"2016-11-02 23:00","2016","11","02","23:00","13.0","","11.8","","92","","","M","","M","","","100.51","","","","","","NA"
"2016-11-03 00:00","2016","11","03","00:00","12.8","","11.1","","89","","","M","","M","","","100.45","","","","","","NA"
"2016-11-03 01:00","2016","11","03","01:00","13.2","","11.5","","90","","","M","","M","","","100.34","","","","","","NA"
"2016-11-03 02:00","2016","11","03","02:00","13.2","","11.7","","90","","","M","","M","","","100.29","","","","","","NA"
"2016-11-03 03:00","2016","11","03","03:00","12.8","","11.5","","92","","","M","","M","","","100.20","","","","","","NA"
"2016-11-03 04:00","2016","11","03","04:00","11.1","","9.6","","90","","","M","","M","","","100.21","","","","","","NA"
"2016-11-03 05:00","2016","11","03","05:00","10.6","","9.4","","92","","","M","","M","","","100.23","","","","","","NA"
"2016-11-03 06:00","2016","11","03","06:00","10.4","","9.0","","91","","","M","","M","","","100.23","","","","","","NA"
"2016-11-03 07:00","2016","11","03","07:00","10.0","","8.5","","90","","","M","","M","","","100.17","","","","","","NA"
"2016-11-03 08:00","2016","11","03","08:00","9.6","","7.9","","90","","","M","","M","","","100.23","","","","","","NA"
"2016-11-03 09:00","2016","11","03","09:00","9.8","","7.2","","84","","","M","","M","","","100.36","","","","","","NA"
"2016-11-03 10:00","2016","11","03","10:00","11.0","","7.7","","80","","","M","","M","","","100.45","","","","","","NA"
"2016-11-03 11:00","2016","11","03","11:00","11.8","","6.9","","72","","","M","","M","","","100.42","","","","","","NA"
"2016-11-03 12:00","2016","11","03","12:00","12.9","","7.4","","69","","","M","","M","","","100.42","","","","","","NA"
"2016-11-03 13:00","2016","11","03","13:00","13.9","","7.7","","66","","","M","","M","","","100.38","","","","","","NA"
"2016-11-03 14:00","2016","11","03","14:00","14.3","","6.1","","58","","","M","","M","","","100.36","","","","","","NA"
"2016-11-03 15:00","2016","11","03","15:00","14.4","","5.7","","56","","","M","","M","","","100.37","","","","","","NA"
"2016-11-03 16:00","2016","11","03","16:00","13.8","","7.6","","66","","","M","","M","","","100.42","","","","","","NA"
"2016-11-03 17:00","2016","11","03","17:00","12.1","","6.1","","67","","","M","","M","","","100.49","","","","","","NA"
"2016-11-03 18:00","2016","11","03","18:00","11.4","","5.8","","69","","","M","","M","","","100.55","","","","","","NA"
"2016-11-03 19:00","2016","11","03","19:00","10.4","","5.5","","72","","","M","","M","","","100.62","","","","","","NA"
"2016-11-03 20:00","2016","11","03","20:00","10.1","","5.0","","71","","","M","","M","","","100.66","","","","","","NA"
"2016-11-03 21:00","2016","11","03","21:00","9.5","","5.2","","75","","","M","","M","","","100.70","","","","","","NA"
"2016-11-03 22:00","2016","11","03","22:00","9.0","","5.0","","76","","","M","","M","","","100.74","","","","","","NA"
"2016-11-03 23:00","2016","11","03","23:00","8.3","","4.2","","76","","","M","","M","","","100.83","","","","","","NA"
"2016-11-04 00:00","2016","11","04","00:00","7.9","","3.6","","74","","","M","","M","","","100.92","","","","","","NA"
"2016-11-04 01:00","2016","11","04","01:00","7.2","","3.5","","77","","","M","","M","","","100.97","","","","","","NA"
"2016-11-04 02:00","2016","11","04","02:00","6.6","","3.5","","80","","","M","","M","","","101.00","","","","","","NA"
"2016-11-04 03:00","2016","11","04","03:00","6.3","","3.5","","82","","","M","","M","","","101.02","","","","","","NA"
"2016-11-04 04:00","2016","11","04","04:00","5.7","","3.2","","84","","","M","","M","","","101.09","","","","","","NA"
"2016-11-04 05:00","2016","11","04","05:00","5.3","","2.8","","84","","","M","","M","","","101.15","","","","","","NA"
"2016-11-04 06:00","2016","11","04","06:00","4.7","","1.7","","81","","","M","","M","","","101.13","","","","","","NA"
"2016-11-04 07:00","2016","11","04","07:00","4.4","","1.8","","84","","","M","","M","","","101.25","","","","","","NA"
"2016-11-04 08:00","2016","11","04","08:00","4.8","","1.8","","81","","","M","","M","","","101.32","","","","","","NA"
"2016-11-04 09:00","2016","11","04","09:00","6.0","","1.6","","73","","","M","","M","","","101.33","","","","","","NA"
"2016-11-04 10:00","2016","11","04","10:00","6.9","","1.9","","70","","","M","","M","","","101.37","","","","","","NA"
"2016-11-04 11:00","2016","11","04","11:00","8.2","","2.0","","65","","","M","","M","","","101.39","","","","","","NA"
"2016-11-04 12:00","2016","11","04","12:00","9.3","","2.6","","63","","","M","","M","","","101.35","","","","","","NA"
"2016-11-04 13:00","2016","11","04","13:00","10.8","","2.2","","55","","","M","","M","","","101.19","","","","","","NA"
"2016-11-04 14:00","2016","11","04","14:00","10.8","","3.6","","61","","","M","","M","","","101.13","","","","","","NA"
"2016-11-04 15:00","2016","11","04","15:00","11.1","","3.7","","60","","","M","","M","","","101.09","","","","","","NA"
"2016-11-04 16:00","2016","11","04","16:00","11.6","","2.2","","52","","","M","","M","","","101.07","","","","","","NA"
"2016-11-04 17:00","2016","11","04","17:00","11.2","","1.3","","51","","","M","","M","","","101.05","","","","","","NA"
"2016-11-04 18:00","2016","11","04","18:00","10.3","","1.7","","55","","","M","","M","","","101.07","","","","","","NA"
"2016-11-04 19:00","2016","11","04","19:00","9.4","","2.0","","60","","","M","","M","","","101.07","","","","","","NA"
"2016-11-04 20:00","2016","11","04","20:00","8.6","","2.2","","64","","","M","","M","","","101.06","","","","","","NA"
"2016-11-04 21:00","2016","11","04","21:00","8.1","","2.5","","68","","","M","","M","","","101.05","","","","","","NA"
"2016-11-04 22:00","2016","11","04","22:00","7.9","","3.0","","71","","","M","","M","","","100.99","","","","","","NA"
"2016-11-04 23:00","2016","11","04","23:00","7.7","","3.4","","74","","","M","","M","","","100.93","","","","","","NA"
"2016-11-05 00:00","2016","11","05","00:00","7.2","","3.3","","76","","","M","","M","","","100.85","","","","","","NA"
"2016-11-05 01:00","2016","11","05","01:00","8.7","","4.0","","72","","","M","","M","","","100.82","","","","","","NA"
"2016-11-05 02:00","2016","11","05","02:00","8.5","","4.2","","74","","","M","","M","","","100.82","","","","","","NA"
"2016-11-05 03:00","2016","11","05","03:00","8.7","","4.8","","77","","","M","","M","","","100.83","","","","","","NA"
"2016-11-05 04:00","2016","11","05","04:00","8.4","","4.9","","79","","","M","","M","","","100.81","","","","","","NA"
"2016-11-05 05:00","2016","11","05","05:00","8.2","","5.3","","82","","","M","","M","","","100.86","","","","","","NA"
"2016-11-05 06:00","2016","11","05","06:00","7.8","","5.4","","85","","","M","","M","","","100.87","","","","","","NA"
"2016-11-05 07:00","2016","11","05","07:00","7.4","","5.6","","88","","","M","","M","","","100.88","","","","","","NA"
"2016-11-05 08:00","2016","11","05","08:00","8.3","","6.4","","88","","","M","","M","","","100.94","","","","","","NA"
"2016-11-05 09:00","2016","11","05","09:00","10.8","","7.4","","79","","","M","","M","","","100.97","","","","","","NA"
"2016-11-05 10:00","2016","11","05","10:00","12.0","","7.6","","74","","","M","","M","","","100.98","","","","","","NA"
"2016-11-05 11:00","2016","11","05","11:00","13.1","","7.8","","71","","","M","","M","","","100.96","","","","","","NA"
"2016-11-05 12:00","2016","11","05","12:00","13.8","","7.9","","67","","","M","","M","","","100.91","","","","","","NA"
"2016-11-05 13:00","2016","11","05","13:00","14.8","","8.2","","64","","","M","","M","","","100.84","","","","","","NA"
"2016-11-05 14:00","2016","11","05","14:00","15.2","","7.5","","60","","","M","","M","","","100.74","","","","","","NA"
"2016-11-05 15:00","2016","11","05","15:00","16.0","","7.3","","56","","","M","","M","","","100.73","","","","","","NA"
"2016-11-05 16:00","2016","11","05","16:00","15.7","","7.0","","56","","","M","","M","","","100.75","","","","","","NA"
"2016-11-05 17:00","2016","11","05","17:00","14.8","","7.2","","60","","","M","","M","","","100.74","","","","","","NA"
"2016-11-05 18:00","2016","11","05","18:00","14.0","","7.5","","65","","","M","","M","","","100.75","","","","","","NA"
"2016-11-05 19:00","2016","11","05","19:00","13.3","","7.6","","69","","","M","","M","","","100.81","","","","","","NA"
"2016-11-05 20:00","2016","11","05","20:00","12.4","","7.8","","74","","","M","","M","","","100.91","","","","","","NA"
"2016-11-05 21:00","2016","11","05","21:00","11.7","","7.4","","75","","","M","","M","","","100.93","","","","","","NA"
"2016-11-05 22:00","2016","11","05","22:00","11.0","","6.9","","76","","","M","","M","","","100.98","","","","","","NA"
"2016-11-05 23:00","2016","11","05","23:00","11.1","","7.0","","76","","","M","","M","","","101.04","","","","","","NA"
"2016-11-06 00:00","2016","11","06","00:00","10.8","","6.7","","76","","","M","","M","","","101.06","","","","","","NA"
"2016-11-06 01:00","2016","11","06","01:00","10.0","","6.6","","79","","","M","","M","","","101.10","","","","","","NA"
"2016-11-06 02:00","2016","11","06","02:00","10.0","","6.4","","78","","","M","","M","","","101.14","","","","","","NA"
"2016-11-06 03:00","2016","11","06","03:00","9.6","","5.4","","75","","","M","","M","","","101.21","","","","","","NA"
"2016-11-06 04:00","2016","11","06","04:00","9.0","","3.0","","66","","","M","","M","","","101.24","","","","","","NA"
"2016-11-06 05:00","2016","11","06","05:00","8.0","","2.6","","69","","","M","","M","","","101.30","","","","","","NA"
"2016-11-06 06:00","2016","11","06","06:00","7.3","","2.3","","70","","","M","","M","","","101.38","","","","","","NA"
"2016-11-06 07:00","2016","11","06","07:00","7.1","","2.1","","70","","","M","","M","","","101.44","","","","","","NA"
"2016-11-06 08:00","2016","11","06","08:00","6.6","","2.3","","74","","","M","","M","","","101.56","","","","","","NA"
"2016-11-06 09:00","2016","11","06","09:00","8.8","","1.3","","60","","","M","","M","","","101.60","","","","","","NA"
"2016-11-06 10:00","2016","11","06","10:00","9.9","","0.3","","51","","","M","","M","","","101.66","","","","","","NA"
"2016-11-06 11:00","2016","11","06","11:00","11.0","","-1.9","","40","","","M","","M","","","101.64","","","","","","NA"
"2016-11-06 12:00","2016","11","06","12:00","10.8","","2.2","","55","","","M","","M","","","101.61","","","","","","NA"
"2016-11-06 13:00","2016","11","06","13:00","11.8","","2.6","","53","","","M","","M","","","101.58","","","","","","NA"
"2016-11-06 14:00","2016","11","06","14:00","11.1","","2.4","","55","","","M","","M","","","101.55","","","","","","NA"
"2016-11-06 15:00","2016","11","06","15:00","10.6","","3.4","","61","","","M","","M","","","101.52","","","","","","NA"
"2016-11-06 16:00","2016","11","06","16:00","10.1","","4.3","","67","","","M","","M","","","101.53","","","","","","NA"
"2016-11-06 17:00","2016","11","06","17:00","9.9","","4.7","","70","","","M","","M","","","101.53","","","","","","NA"
"2016-11-06 18:00","2016","11","06","18:00","9.5","","4.1","","69","","","M","","M","","","101.55","","","","","","NA"
"2016-11-06 19:00","2016","11","06","19:00","9.1","","3.4","","68","","","M","","M","","","101.57","","","","","","NA"
"2016-11-06 20:00","2016","11","06","20:00","9.4","","3.0","","64","","","M","","M","","","101.57","","","","","","NA"
"2016-11-06 21:00","2016","11","06","21:00","9.6","","3.5","","66","","","M","","M","","","101.58","","","","","","NA"
"2016-11-06 22:00","2016","11","06","22:00","8.6","","3.7","","71","","","M","","M","","","101.60","","","","","","NA"
"2016-11-06 23:00","2016","11","06","23:00","8.0","","4.0","","76","","","M","","M","","","101.60","","","","","","NA"
"2016-11-07 00:00","2016","11","07","00:00","8.0","","4.3","","78","","","M","","M","","","101.61","","","","","","NA"
"2016-11-07 01:00","2016","11","07","01:00","6.8","","3.7","","80","","","M","","M","","","101.61","","","","","","NA"
"2016-11-07 02:00","2016","11","07","02:00","6.9","","3.9","","82","","","M","","M","","","101.62","","","","","","NA"
"2016-11-07 03:00","2016","11","07","03:00","6.7","","3.8","","81","","","M","","M","","","101.60","","","","","","NA"
"2016-11-07 04:00","2016","11","07","04:00","6.3","","4.0","","85","","","M","","M","","","101.59","","","","","","NA"
"2016-11-07 05:00","2016","11","07","05:00","6.2","","3.9","","85","","","M","","M","","","101.61","","","","","","NA"
"2016-11-07 06:00","2016","11","07","06:00","5.7","","3.9","","88","","","M","","M","","","101.65","","","","","","NA"
"2016-11-07 07:00","2016","11","07","07:00","5.5","","3.3","","86","","","M","","M","","","101.67","","","","","","NA"
"2016-11-07 08:00","2016","11","07","08:00","6.5","","4.2","","85","","","M","","M","","","101.71","","","","","","NA"
"2016-11-07 09:00","2016","11","07","09:00","9.3","","5.6","","77","","","M","","M","","","101.73","","","","","","NA"
"2016-11-07 10:00","2016","11","07","10:00","11.7","","6.1","","69","","","M","","M","","","101.70","","","","","","NA"
"2016-11-07 11:00","2016","11","07","11:00","12.6","","6.0","","64","","","M","","M","","","101.68","","","","","","NA"
"2016-11-07 12:00","2016","11","07","12:00","13.6","","6.3","","62","","","M","","M","","","101.62","","","","","","NA"
"2016-11-07 13:00","2016","11","07","13:00","14.5","","6.0","","57","","","M","","M","","","101.55","","","","","","NA"
"2016-11-07 14:00","2016","11","07","14:00","14.5","","7.1","","61","","","M","","M","","","101.50","","","","","","NA"
"2016-11-07 15:00","2016","11","07","15:00","14.9","","5.3","","52","","","M","","M","","","101.45","","","","","","NA"
"2016-11-07 16:00","2016","11","07","16:00","15.2","","5.1","","51","","","M","","M","","","101.40","","","","","","NA"
"2016-11-07 17:00","2016","11","07","17:00","13.7","","6.9","","63","","","M","","M","","","101.34","","","","","","NA"
"2016-11-07 18:00","2016","11","07","18:00","12.5","","8.3","","75","","","M","","M","","","101.34","","","","","","NA"
"2016-11-07 19:00","2016","11","07","19:00","12.1","","9.3","","83","","","M","","M","","","101.31","","","","","","NA"
"2016-11-07 20:00","2016","11","07","20:00","11.5","","9.2","","86","","","M","","M","","","101.25","","","","","","NA"
"2016-11-07 21:00","2016","11","07","21:00","9.9","","8.1","","88","","","M","","M","","","101.19","","","","","","NA"
"2016-11-07 22:00","2016","11","07","22:00","10.1","","8.2","","88","","","M","","M","","","101.15","","","","","","NA"
"2016-11-07 23:00","2016","11","07","23:00","8.8","","7.2","","89","","","M","","M","","","101.08","","","","","","NA"
"2016-11-08 00:00","2016","11","08","00:00","8.9","","7.4","","90","","","M","","M","","","101.04","","","","","","NA"
"2016-11-08 01:00","2016","11","08","01:00","8.5","","7.1","","91","","","M","","M","","","100.99","","","","","","NA"
"2016-11-08 02:00","2016","11","08","02:00","7.6","","6.1","","90","","","M","","M","","","100.96","","","","","","NA"
"2016-11-08 03:00","2016","11","08","03:00","7.7","","6.4","","91","","","M","","M","","","100.87","","","","","","NA"
"2016-11-08 04:00","2016","11","08","04:00","7.1","","5.5","","90","","","M","","M","","","100.81","","","","","","NA"
"2016-11-08 05:00","2016","11","08","05:00","7.5","","5.7","","88","","","M","","M","","","100.76","","","","","","NA"
"2016-11-08 06:00","2016","11","08","06:00","7.4","","5.8","","90","","","M","","M","","","100.70","","","","","","NA"
"2016-11-08 07:00","2016","11","08","07:00","7.1","","5.3","","89","","","M","","M","","","100.66","","","","","","NA"
"2016-11-08 08:00","2016","11","08","08:00","9.2","","7.3","","88","","","M","","M","","","100.62","","","","","","NA"
"2016-11-08 09:00","2016","11","08","09:00","11.4","","7.4","","77","","","M","","M","","","100.58","","","","","","NA"
"2016-11-08 10:00","2016","11","08","10:00","12.3","","7.3","","72","","","M","","M","","","100.51","","","","","","NA"
"2016-11-08 11:00","2016","11","08","11:00","12.4","","7.5","","72","","","M","","M","","","100.46","","","","","","NA"
"2016-11-08 12:00","2016","11","08","12:00","13.6","","7.8","","68","","","M","","M","","","100.36","","","","","","NA"
"2016-11-08 13:00","2016","11","08","13:00","14.1","","9.1","","72","","","M","","M","","","100.27","","","","","","NA"
"2016-11-08 14:00","2016","11","08","14:00","15.5","","8.1","","62","","","M","","M","","","100.16","","","","","","NA"
"2016-11-08 15:00","2016","11","08","15:00","15.6","","8.1","","61","","","M","","M","","","100.13","","","","","","NA"
"2016-11-08 16:00","2016","11","08","16:00","14.7","","9.3","","70","","","M","","M","","","100.10","","","","","","NA"
"2016-11-08 17:00","2016","11","08","17:00","13.9","","10.7","","81","","","M","","M","","","100.07","","","","","","NA"
"2016-11-08 18:00","2016","11","08","18:00","12.8","","10.1","","84","","","M","","M","","","100.07","","","","","","NA"
"2016-11-08 19:00","2016","11","08","19:00","12.4","","10.3","","87","","","M","","M","","","100.07","","","","","","NA"
"2016-11-08 20:00","2016","11","08","20:00","12.1","","10.4","","89","","","M","","M","","","100.04","","","","","","NA"
"2016-11-08 21:00","2016","11","08","21:00","11.6","","9.7","","88","","","M","","M","","","100.02","","","","","","NA"
"2016-11-08 22:00","2016","11","08","22:00","11.5","","9.5","","88","","","M","","M","","","100.02","","","","","","NA"
"2016-11-08 23:00","2016","11","08","23:00","11.3","","8.9","","85","","","M","","M","","","99.98","","","","","","NA"
"2016-11-09 00:00","2016","11","09","00:00","11.9","","9.1","","83","","","M","","M","","","99.96","","","","","","NA"
"2016-11-09 01:00","2016","11","09","01:00","11.5","","8.4","","81","","","M","","M","","","99.97","","","","","","NA"
"2016-11-09 02:00","2016","11","09","02:00","11.4","","8.7","","84","","","M","","M","","","99.97","","","","","","NA"
"2016-11-09 03:00","2016","11","09","03:00","10.1","","7.4","","84","","","M","","M","","","100.02","","","","","","NA"
"2016-11-09 04:00","2016","11","09","04:00","8.6","","4.9","","78","","","M","","M","","","100.14","","","","","","NA"
"2016-11-09 05:00","2016","11","09","05:00","7.9","","4.1","","77","","","M","","M","","","100.21","","","","","","NA"
"2016-11-09 06:00","2016","11","09","06:00","7.4","","3.1","","74","","","M","","M","","","100.26","","","","","","NA"
"2016-11-09 07:00","2016","11","09","07:00","7.0","","2.2","","71","","","M","","M","","","100.33","","","","","","NA"
"2016-11-09 08:00","2016","11","09","08:00","7.3","","2.0","","69","","","M","","M","","","100.40","","","","","","NA"
"2016-11-09 09:00","2016","11","09","09:00","7.3","","1.8","","68","","","M","","M","","","100.46","","","","","","NA"
"2016-11-09 10:00","2016","11","09","10:00"
"2016-11-09 11:00","2016","11","09","11:00"
"2016-11-09 12:00","2016","11","09","12:00"
"2016-11-09 13:00","2016","11","09","13:00"
"2016-11-09 14:00","2016","11","09","14:00"
"2016-11-09 15:00","2016","11","09","15:00","6.8","","-0.5","","59","","","M","","M","","","100.47","","","","","","NA"
"2016-11-09 16:00","2016","11","09","16:00","6.4","","-0.5","","61","","","M","","M","","","100.48","","","","","","NA"
"2016-11-09 17:00","2016","11","09","17:00","5.8","","-0.4","","64","","","M","","M","","","100.51","","","","","","NA"
"2016-11-09 18:00","2016","11","09","18:00","5.4","","-0.2","","67","","","M","","M","","","100.64","","","","","","NA"
"2016-11-09 19:00","2016","11","09","19:00","4.9","","-0.1","","70","","","M","","M","","","100.64","","","","","","NA"
"2016-11-09 20:00","2016","11","09","20:00","4.9","","0.3","","72","","","M","","M","","","100.67","","","","","","NA"
"2016-11-09 21:00","2016","11","09","21:00","4.4","","0.3","","75","","","M","","M","","","100.65","","","","","","NA"
"2016-11-09 22:00","2016","11","09","22:00","4.2","","0.1","","75","","","M","","M","","","100.67","","","","","","NA"
"2016-11-09 23:00","2016","11","09","23:00","3.6","","0.0","","77","","","M","","M","","","100.64","","","","","","NA"
"2016-11-10 00:00","2016","11","10","00:00","3.3","","-0.2","","78","","","M","","M","","","100.60","","","","","","NA"
"2016-11-10 01:00","2016","11","10","01:00","2.5","","-0.4","","81","","","M","","M","","","100.52","","","","","","NA"
"2016-11-10 02:00","2016","11","10","02:00","2.3","","-0.2","","84","","","M","","M","","","100.51","","","","","","NA"
"2016-11-10 03:00","2016","11","10","03:00","2.8","","0.1","","82","","","M","","M","","","100.47","","","","","","NA"
"2016-11-10 04:00","2016","11","10","04:00","3.3","","0.7","","83","","","M","","M","","","100.43","","","","","","NA"
"2016-11-10 05:00","2016","11","10","05:00","3.8","","1.5","","85","","","M","","M","","","100.33","","","","","","NA"
"2016-11-10 06:00","2016","11","10","06:00","4.4","","2.2","","86","","","M","","M","","","100.29","","","","","","NA"
"2016-11-10 07:00","2016","11","10","07:00","3.8","","0.9","","81","","","M","","M","","","100.18","","","","","","NA"
"2016-11-10 08:00","2016","11","10","08:00","4.3","","1.2","","81","","","M","","M","","","100.14","","","","","","NA"
"2016-11-10 09:00","2016","11","10","09:00","6.1","","2.2","","76","","","M","","M","","","100.01","","","","","","NA"
"2016-11-10 10:00","2016","11","10","10:00","9.1","","3.4","","67","","","M","","M","","","99.90","","","","","","NA"
"2016-11-10 11:00","2016","11","10","11:00","11.6","","2.2","","52","","","M","","M","","","99.77","","","","","","NA"
"2016-11-10 12:00","2016","11","10","12:00","13.6","","3.1","","49","","","M","","M","","","99.64","","","","","","NA"
"2016-11-10 13:00","2016","11","10","13:00","15.2","","2.8","","43","","","M","","M","","","99.49","","","","","","NA"
"2016-11-10 14:00","2016","11","10","14:00","16.0","","0.9","","36","","","M","","M","","","99.34","","","","","","NA"
"2016-11-10 15:00","2016","11","10","15:00","16.2","","1.2","","36","","","M","","M","","","99.25","","","","","","NA"
"2016-11-10 16:00","2016","11","10","16:00","14.0","","3.6","","50","","","M","","M","","","99.20","","","","","","NA"
"2016-11-10 17:00","2016","11","10","17:00","13.1","","4.4","","56","","","M","","M","","","99.14","","","","","","NA"
"2016-11-10 18:00","2016","11","10","18:00","12.6","","4.6","","58","","","M","","M","","","99.15","","","","","","NA"
"2016-11-10 19:00","2016","11","10","19:00","12.2","","3.8","","56","","","M","","M","","","99.11","","","","","","NA"
"2016-11-10 20:00","2016","11","10","20:00","12.5","","2.8","","51","","","M","","M","","","99.03","","","","","","NA"
"2016-11-10 21:00","2016","11","10","21:00","12.6","","2.0","","48","","","M","","M","","","98.99","","","","","","NA"
"2016-11-10 22:00","2016","11","10","22:00","12.5","","1.5","","47","","","M","","M","","","98.94","","","","","","NA"
"2016-11-10 23:00","2016","11","10","23:00","12.7","","2.1","","48","","","M","","M","","","98.93","","","","","","NA"
"2016-11-11 00:00","2016","11","11","00:00","11.9","","3.3","","55","","","M","","M","","","98.88","","","","","","NA"
"2016-11-11 01:00","2016","11","11","01:00","11.5","","4.2","","61","","","M","","M","","","98.96","","","","","","NA"
"2016-11-11 02:00","2016","11","11","02:00","12.7","","6.2","","64","","","M","","M","","","99.04","","","","","","NA"
"2016-11-11 03:00","2016","11","11","03:00","11.3","","5.3","","67","","","M","","M","","","99.22","","","","","","NA"
"2016-11-11 04:00","2016","11","11","04:00","10.6","","2.4","","57","","","M","","M","","","99.36","","","","","","NA"
"2016-11-11 05:00","2016","11","11","05:00","9.7","","2.7","","62","","","M","","M","","","99.52","","","","","","NA"
"2016-11-11 06:00","2016","11","11","06:00","8.4","","4.1","","74","","","M","","M","","","99.69","","","","","","NA"
"2016-11-11 07:00","2016","11","11","07:00","6.9","","0.1","","62","","","M","","M","","","99.82","","","","","","NA"
"2016-11-11 08:00","2016","11","11","08:00","5.9","","-2.7","","54","","","M","","M","","","100.01","","","","","","NA"
"2016-11-11 09:00","2016","11","11","09:00","6.3","","-2.4","","53","","","M","","M","","","100.15","","","","","","NA"
"2016-11-11 10:00","2016","11","11","10:00","6.3","","-3.8","","48","","","M","","M","","","100.29","","","","","","NA"
"2016-11-11 11:00","2016","11","11","11:00","6.5","","-4.2","","46","","","M","","M","","","100.42","","","","","","NA"
"2016-11-11 12:00","2016","11","11","12:00","6.0","","-6.1","","41","","","M","","M","","","100.48","","","","","","NA"
"2016-11-11 13:00","2016","11","11","13:00","6.8","","-4.7","","44","","","M","","M","","","100.57","","","","","","NA"
"2016-11-11 14:00","2016","11","11","14:00","6.1","","-5.9","","42","","","M","","M","","","100.66","","","","","","NA"
"2016-11-11 15:00","2016","11","11","15:00","5.3","","-6.3","","43","","","M","","M","","","100.76","","","","","","NA"
"2016-11-11 16:00","2016","11","11","16:00","5.1","","-6.6","","42","","","M","","M","","","100.87","","","","","","NA"
"2016-11-11 17:00","2016","11","11","17:00","4.6","","-6.5","","44","","","M","","M","","","101.01","","","","","","NA"
"2016-11-11 18:00","2016","11","11","18:00","4.0","","-7.0","","45","","","M","","M","","","101.10","","","","","","NA"
"2016-11-11 19:00","2016","11","11","19:00","3.5","","-6.6","","48","","","M","","M","","","101.21","","","","","","NA"
"2016-11-11 20:00","2016","11","11","20:00","3.4","","-6.8","","47","","","M","","M","","","101.29","","","","","","NA"
"2016-11-11 21:00","2016","11","11","21:00","2.8","","-6.8","","49","","","M","","M","","","101.34","","","","","","NA"
"2016-11-11 22:00","2016","11","11","22:00","2.1","","-5.8","","56","","","M","","M","","","101.37","","","","","","NA"
"2016-11-11 23:00","2016","11","11","23:00","1.6","","-5.6","","59","","","M","","M","","","101.36","","","","","","NA"
"2016-11-12 00:00","2016","11","12","00:00","0.9","","-5.5","","62","","","M","","M","","","101.36","","","","","","NA"
"2016-11-12 01:00","2016","11","12","01:00","1.0","","-5.5","","62","","","M","","M","","","101.39","","","","","","NA"
"2016-11-12 02:00","2016","11","12","02:00","0.6","","-5.8","","62","","","M","","M","","","101.42","","","","","","NA"
"2016-11-12 03:00","2016","11","12","03:00","0.3","","-5.6","","64","","","M","","M","","","101.40","","","","","","NA"
"2016-11-12 04:00","2016","11","12","04:00","0.3","","-5.5","","65","","","M","","M","","","101.39","","","","","","NA"
"2016-11-12 05:00","2016","11","12","05:00","-0.2","","-5.2","","69","","","M","","M","","","101.41","","","","","","NA"
"2016-11-12 06:00","2016","11","12","06:00","0.4","","-5.2","","66","","","M","","M","","","101.41","","","","","","NA"
"2016-11-12 07:00","2016","11","12","07:00","0.5","","-4.7","","68","","","M","","M","","","101.43","","","","","","NA"
"2016-11-12 08:00","2016","11","12","08:00","0.5","","-3.9","","72","","","M","","M","","","101.48","","","","","","NA"
"2016-11-12 09:00","2016","11","12","09:00","1.7","","-3.8","","67","","","M","","M","","","101.48","","","","","","NA"
"2016-11-12 10:00","2016","11","12","10:00","4.1","","-3.4","","58","","","M","","M","","","101.44","","","","","","NA"
"2016-11-12 11:00","2016","11","12","11:00","5.9","","-2.4","","55","","","M","","M","","","101.39","","","","","","NA"
"2016-11-12 12:00","2016","11","12","12:00","8.0","","-1.5","","51","","","M","","M","","","101.26","","","","","","NA"
"2016-11-12 13:00","2016","11","12","13:00","9.3","","-2.3","","44","","","M","","M","","","101.10","","","","","","NA"
"2016-11-12 14:00","2016","11","12","14:00","9.8","","-1.5","","45","","","M","","M","","","100.99","","","","","","NA"
"2016-11-12 15:00","2016","11","12","15:00","9.9","","-2.0","","43","","","M","","M","","","100.91","","","","","","NA"
"2016-11-12 16:00","2016","11","12","16:00","9.9","","-4.2","","37","","","M","","M","","","100.86","","","","","","NA"
"2016-11-12 17:00","2016","11","12","17:00","8.9","","-3.8","","41","","","M","","M","","","100.80","","","","","","NA"
"2016-11-12 18:00","2016","11","12","18:00","8.0","","-3.5","","44","","","M","","M","","","100.79","","","","","","NA"
"2016-11-12 19:00","2016","11","12","19:00","7.4","","-3.1","","47","","","M","","M","","","100.74","","","","","","NA"
"2016-11-12 20:00","2016","11","12","20:00","7.0","","-2.4","","51","","","M","","M","","","100.69","","","","","","NA"
"2016-11-12 21:00","2016","11","12","21:00","7.1","","-2.5","","50","","","M","","M","","","100.67","","","","","","NA"
"2016-11-12 22:00","2016","11","12","22:00","7.3","","-2.7","","49","","","M","","M","","","100.61","","","","","","NA"
"2016-11-12 23:00","2016","11","12","23:00","6.8","","-2.4","","52","","","M","","M","","","100.56","","","","","","NA"
"2016-11-13 00:00","2016","11","13","00:00","5.9","","-1.9","","57","","","M","","M","","","100.52","","","","","","NA"
"2016-11-13 01:00","2016","11","13","01:00","6.1","","-2.5","","54","","","M","","M","","","100.49","","","","","","NA"
"2016-11-13 02:00","2016","11","13","02:00","5.3","","-2.4","","57","","","M","","M","","","100.53","","","","","","NA"
"2016-11-13 03:00","2016","11","13","03:00","4.7","","-1.8","","63","","","M","","M","","","100.54","","","","","","NA"
"2016-11-13 04:00","2016","11","13","04:00","4.9","","-1.2","","65","","","M","","M","","","100.51","","","","","","NA"
"2016-11-13 05:00","2016","11","13","05:00","4.6","","-0.7","","69","","","M","","M","","","100.52","","","","","","NA"
"2016-11-13 06:00","2016","11","13","06:00","3.7","","-1.3","","70","","","M","","M","","","100.51","","","","","","NA"
"2016-11-13 07:00","2016","11","13","07:00","3.3","","-0.8","","75","","","M","","M","","","100.52","","","","","","NA"
"2016-11-13 08:00","2016","11","13","08:00","3.3","","-0.5","","76","","","M","","M","","","100.51","","","","","","NA"
"2016-11-13 09:00","2016","11","13","09:00","4.4","","-0.1","","72","","","M","","M","","","100.53","","","","","","NA"
"2016-11-13 10:00","2016","11","13","10:00","6.0","","0.7","","69","","","M","","M","","","100.50","","","","","","NA"
"2016-11-13 11:00","2016","11","13","11:00","9.6","","2.2","","60","","","M","","M","","","100.44","","","","","","NA"
"2016-11-13 12:00","2016","11","13","12:00","10.9","","2.3","","55","","","M","","M","","","100.33","","","","","","NA"
"2016-11-13 13:00","2016","11","13","13:00","11.7","","1.3","","49","","","M","","M","","","100.23","","","","","","NA"
"2016-11-13 14:00","2016","11","13","14:00","12.5","","0.3","","43","","","M","","M","","","100.14","","","","","","NA"
"2016-11-13 15:00","2016","11","13","15:00","12.3","","0.4","","44","","","M","","M","","","100.10","","","","","","NA"
"2016-11-13 16:00","2016","11","13","16:00","12.0","","-1.1","","40","","","M","","M","","","100.09","","","","","","NA"
"2016-11-13 17:00","2016","11","13","17:00","11.7","","-1.6","","40","","","M","","M","","","100.05","","","","","","NA"
"2016-11-13 18:00","2016","11","13","18:00","10.6","","1.7","","54","","","M","","M","","","100.04","","","","","","NA"
"2016-11-13 19:00","2016","11","13","19:00","9.7","","2.1","","59","","","M","","M","","","100.05","","","","","","NA"
"2016-11-13 20:00","2016","11","13","20:00","9.2","","1.0","","56","","","M","","M","","","100.04","","","","","","NA"
"2016-11-13 21:00","2016","11","13","21:00","9.1","","-0.4","","51","","","M","","M","","","100.02","","","","","","NA"
"2016-11-13 22:00","2016","11","13","22:00","8.9","","-1.7","","48","","","M","","M","","","100.00","","","","","","NA"
"2016-11-13 23:00","2016","11","13","23:00","8.8","","-1.9","","47","","","M","","M","","","99.99","","","","","","NA"
"2016-11-14 00:00","2016","11","14","00:00","8.8","","-1.6","","48","","","M","","M","","","100.02","","","","","","NA"
"2016-11-14 01:00","2016","11","14","01:00","8.5","","-2.3","","46","","","M","","M","","","100.02","","","","","","NA"
"2016-11-14 02:00","2016","11","14","02:00","8.1","","-3.1","","45","","","M","","M","","","100.04","","","","","","NA"
"2016-11-14 03:00","2016","11","14","03:00","7.4","","-3.0","","47","","","M","","M","","","100.02","","","","","","NA"
"2016-11-14 04:00","2016","11","14","04:00","7.0","","-2.6","","50","","","M","","M","","","100.01","","","","","","NA"
"2016-11-14 05:00","2016","11","14","05:00","6.3","","-2.2","","55","","","M","","M","","","100.03","","","","","","NA"
"2016-11-14 06:00","2016","11","14","06:00","5.9","","-2.0","","57","","","M","","M","","","100.01","","","","","","NA"
"2016-11-14 07:00","2016","11","14","07:00","5.6","","-1.5","","60","","","M","","M","","","100.03","","","","","","NA"
"2016-11-14 08:00","2016","11","14","08:00","5.5","","-1.1","","62","","","M","","M","","","100.05","","","","","","NA"
"2016-11-14 09:00","2016","11","14","09:00","6.7","","-1.0","","58","","","M","","M","","","100.07","","","","","","NA"
"2016-11-14 10:00","2016","11","14","10:00","7.9","","-0.6","","55","","","M","","M","","","100.08","","","","","","NA"
"2016-11-14 11:00","2016","11","14","11:00","9.7","","0.4","","52","","","M","","M","","","100.07","","","","","","NA"
"2016-11-14 12:00","2016","11","14","12:00","10.6","","0.8","","50","","","M","","M","","","100.02","","","","","","NA"
"2016-11-14 13:00","2016","11","14","13:00","11.8","","1.2","","48","","","M","","M","","","99.97","","","","","","NA"
"2016-11-14 14:00","2016","11","14","14:00","12.5","","1.2","","46","","","M","","M","","","99.94","","","","","","NA"
"2016-11-14 15:00","2016","11","14","15:00","12.1","","1.8","","49","","","M","","M","","","99.93","","","","","","NA"
"2016-11-14 16:00","2016","11","14","16:00","12.3","","5.3","","62","","","M","","M","","","99.93","","","","","","NA"
"2016-11-14 17:00","2016","11","14","17:00","11.3","","6.5","","72","","","M","","M","","","99.95","","","","","","NA"
"2016-11-14 18:00","2016","11","14","18:00","10.0","","6.0","","76","","","M","","M","","","100.02","","","","","","NA"
"2016-11-14 19:00","2016","11","14","19:00","9.5","","5.6","","77","","","M","","M","","","100.03","","","","","","NA"
"2016-11-14 20:00","2016","11","14","20:00","9.2","","6.0","","81","","","M","","M","","","100.01","","","","","","NA"
"2016-11-14 21:00","2016","11","14","21:00","8.6","","5.6","","81","","","M","","M","","","99.97","","","","","","NA"
"2016-11-14 22:00","2016","11","14","22:00","8.9","","4.8","","76","","","M","","M","","","99.98","","","","","","NA"
"2016-11-14 23:00","2016","11","14","23:00","7.8","","3.8","","76","","","M","","M","","","99.97","","","","","","NA"
"2016-11-15 00:00","2016","11","15","00:00","6.7","","3.6","","80","","","M","","M","","","100.00","","","","","","NA"
"2016-11-15 01:00","2016","11","15","01:00","6.4","","3.4","","81","","","M","","M","","","100.01","","","","","","NA"
"2016-11-15 02:00","2016","11","15","02:00","6.5","","4.2","","86","","","M","","M","","","99.99","","","","","","NA"
"2016-11-15 03:00","2016","11","15","03:00","5.8","","3.8","","87","","","M","","M","","","99.98","","","","","","NA"
"2016-11-15 04:00","2016","11","15","04:00","5.8","","3.3","","84","","","M","","M","","","99.96","","","","","","NA"
"2016-11-15 05:00","2016","11","15","05:00","5.5","","3.2","","85","","","M","","M","","","99.96","","","","","","NA"
"2016-11-15 06:00","2016","11","15","06:00","5.2","","3.3","","88","","","M","","M","","","99.96","","","","","","NA"
"2016-11-15 07:00","2016","11","15","07:00","5.9","","3.6","","85","","","M","","M","","","100.00","","","","","","NA"
"2016-11-15 08:00","2016","11","15","08:00","6.1","","3.1","","81","","","M","","M","","","100.04","","","","","","NA"
"2016-11-15 09:00","2016","11","15","09:00","8.3","","3.8","","74","","","M","","M","","","100.04","","","","","","NA"
"2016-11-15 10:00","2016","11","15","10:00","10.3","","4.6","","68","","","M","","M","","","100.04","","","","","","NA"
"2016-11-15 11:00","2016","11","15","11:00","11.3","","5.3","","67","","","M","","M","","","100.00","","","","","","NA"
"2016-11-15 12:00","2016","11","15","12:00","11.7","","5.9","","68","","","M","","M","","","99.90","","","","","","NA"
"2016-11-15 13:00","2016","11","15","13:00","11.7","","6.1","","68","","","M","","M","","","99.83","","","","","","NA"
"2016-11-15 14:00","2016","11","15","14:00","12.2","","6.1","","66","","","M","","M","","","99.77","","","","","","NA"
"2016-11-15 15:00","2016","11","15","15:00","12.1","","5.4","","64","","","M","","M","","","99.74","","","","","","NA"
"2016-11-15 16:00","2016","11","15","16:00","11.2","","5.7","","69","","","M","","M","","","99.75","","","","","","NA"
"2016-11-15 17:00","2016","11","15","17:00","10.4","","5.7","","73","","","M","","M","","","99.77","","","","","","NA"
"2016-11-15 18:00","2016","11","15","18:00","10.3","","5.5","","72","","","M","","M","","","99.77","","","","","","NA"
"2016-11-15 19:00","2016","11","15","19:00","9.8","","6.2","","79","","","M","","M","","","99.75","","","","","","NA"
"2016-11-15 20:00","2016","11","15","20:00","9.3","","7.5","","89","","","M","","M","","","99.72","","","","","","NA"
"2016-11-15 21:00","2016","11","15","21:00","9.2","","7.3","","88","","","M","","M","","","99.73","","","","","","NA"
"2016-11-15 22:00","2016","11","15","22:00","9.3","","7.4","","88","","","M","","M","","","99.67","","","","","","NA"
"2016-11-15 23:00","2016","11","15","23:00","9.0","","6.4","","84","","","M","","M","","","99.59","","","","","","NA"
"2016-11-16 00:00","2016","11","16","00:00","8.2","","6.3","","88","","","M","","M","","","99.56","","","","","","NA"
"2016-11-16 01:00","2016","11","16","01:00","7.7","","5.8","","88","","","M","","M","","","99.51","","","","","","NA"
"2016-11-16 02:00","2016","11","16","02:00","7.4","","5.3","","86","","","M","","M","","","99.51","","","","","","NA"
"2016-11-16 03:00","2016","11","16","03:00","7.6","","5.6","","87","","","M","","M","","","99.50","","","","","","NA"
"2016-11-16 04:00","2016","11","16","04:00","8.1","","5.7","","85","","","M","","M","","","99.45","","","","","","NA"
"2016-11-16 05:00","2016","11","16","05:00","8.0","","5.6","","85","","","M","","M","","","99.47","","","","","","NA"
"2016-11-16 06:00","2016","11","16","06:00","8.2","","5.7","","84","","","M","","M","","","99.47","","","","","","NA"
"2016-11-16 07:00","2016","11","16","07:00","8.4","","6.2","","86","","","M","","M","","","99.47","","","","","","NA"
"2016-11-16 08:00","2016","11","16","08:00","8.7","","5.7","","81","","","M","","M","","","99.49","","","","","","NA"
"2016-11-16 09:00","2016","11","16","09:00","9.2","","5.5","","78","","","M","","M","","","99.50","","","","","","NA"
"2016-11-16 10:00","2016","11","16","10:00","9.5","","6.5","","81","","","M","","M","","","99.49","","","","","","NA"
"2016-11-16 11:00","2016","11","16","11:00","10.2","","7.0","","80","","","M","","M","","","99.49","","","","","","NA"
"2016-11-16 12:00","2016","11","16","12:00","11.2","","7.3","","77","","","M","","M","","","99.50","","","","","","NA"
"2016-11-16 13:00","2016","11","16","13:00","13.0","","6.9","","67","","","M","","M","","","99.49","","","","","","NA"
"2016-11-16 14:00","2016","11","16","14:00","12.8","","5.4","","60","","","M","","M","","","99.52","","","","","","NA"
"2016-11-16 15:00","2016","11","16","15:00","12.5","","4.7","","59","","","M","","M","","","99.61","","","","","","NA"
"2016-11-16 16:00","2016","11","16","16:00","12.3","","4.4","","59","","","M","","M","","","99.71","","","","","","NA"
"2016-11-16 17:00","2016","11","16","17:00","12.0","","4.0","","58","","","M","","M","","","99.80","","","","","","NA"
"2016-11-16 18:00","2016","11","16","18:00","11.5","","4.1","","60","","","M","","M","","","99.87","","","","","","NA"
"2016-11-16 19:00","2016","11","16","19:00","11.2","","3.6","","60","","","M","","M","","","99.93","","","","","","NA"
"2016-11-16 20:00","2016","11","16","20:00","10.4","","5.3","","71","","","M","","M","","","99.98","","","","","","NA"
"2016-11-16 21:00","2016","11","16","21:00","9.4","","3.5","","66","","","M","","M","","","100.04","","","","","","NA"
"2016-11-16 22:00","2016","11","16","22:00","8.1","","3.7","","74","","","M","","M","","","100.10","","","","","","NA"
"2016-11-16 23:00","2016","11","16","23:00","7.9","","4.2","","77","","","M","","M","","","100.12","","","","","","NA"
"2016-11-17 00:00","2016","11","17","00:00","7.3","","4.0","","80","","","M","","M","","","100.18","","","","","","NA"
"2016-11-17 01:00","2016","11","17","01:00","6.7","","3.9","","82","","","M","","M","","","100.22","","","","","","NA"
"2016-11-17 02:00","2016","11","17","02:00","6.0","","3.7","","86","","","M","","M","","","100.27","","","","","","NA"
"2016-11-17 03:00","2016","11","17","03:00","6.5","","3.7","","82","","","M","","M","","","100.35","","","","","","NA"
"2016-11-17 04:00","2016","11","17","04:00","5.8","","3.4","","84","","","M","","M","","","100.36","","","","","","NA"
"2016-11-17 05:00","2016","11","17","05:00","5.5","","3.2","","85","","","M","","M","","","100.40","","","","","","NA"
"2016-11-17 06:00","2016","11","17","06:00","6.0","","3.3","","83","","","M","","M","","","100.46","","","","","","NA"
"2016-11-17 07:00","2016","11","17","07:00","5.0","","3.1","","88","","","M","","M","","","100.49","","","","","","NA"
"2016-11-17 08:00","2016","11","17","08:00","4.8","","2.8","","87","","","M","","M","","","100.58","","","","","","NA"
"2016-11-17 09:00","2016","11","17","09:00","7.2","","3.6","","78","","","M","","M","","","100.59","","","","","","NA"
"2016-11-17 10:00","2016","11","17","10:00","9.1","","3.9","","70","","","M","","M","","","100.61","","","","","","NA"
"2016-11-17 11:00","2016","11","17","11:00","11.0","","4.3","","64","","","M","","M","","","100.62","","","","","","NA"
"2016-11-17 12:00","2016","11","17","12:00","10.5","","4.4","","66","","","M","","M","","","100.60","","","","","","NA"
"2016-11-17 13:00","2016","11","17","13:00","10.5","","4.9","","68","","","M","","M","","","100.50","","","","","","NA"
"2016-11-17 14:00","2016","11","17","14:00","10.6","","4.7","","67","","","M","","M","","","100.45","","","","","","NA"
"2016-11-17 15:00","2016","11","17","15:00","10.9","","3.3","","59","","","M","","M","","","100.42","","","","","","NA"
"2016-11-17 16:00","2016","11","17","16:00","11.2","","3.0","","57","","","M","","M","","","100.45","","","","","","NA"
"2016-11-17 17:00","2016","11","17","17:00","10.0","","5.7","","75","","","M","","M","","","100.43","","","","","","NA"
"2016-11-17 18:00","2016","11","17","18:00","9.8","","6.3","","79","","","M","","M","","","100.43","","","","","","NA"
"2016-11-17 19:00","2016","11","17","19:00","9.8","","6.8","","81","","","M","","M","","","100.44","","","","","","NA"
"2016-11-17 20:00","2016","11","17","20:00","9.6","","6.3","","80","","","M","","M","","","100.39","","","","","","NA"
"2016-11-17 21:00","2016","11","17","21:00","9.9","","4.2","","68","","","M","","M","","","100.40","","","","","","NA"
"2016-11-17 22:00","2016","11","17","22:00","10.1","","6.8","","80","","","M","","M","","","100.42","","","","","","NA"
"2016-11-17 23:00","2016","11","17","23:00","9.6","","6.9","","83","","","M","","M","","","100.40","","","","","","NA"
"2016-11-18 00:00","2016","11","18","00:00","9.4","","7.1","","86","","","M","","M","","","100.39","","","","","","NA"
"2016-11-18 01:00","2016","11","18","01:00","8.9","","6.3","","84","","","M","","M","","","100.40","","","","","","NA"
"2016-11-18 02:00","2016","11","18","02:00","9.0","","6.5","","85","","","M","","M","","","100.40","","","","","","NA"
"2016-11-18 03:00","2016","11","18","03:00","8.0","","5.7","","86","","","M","","M","","","100.41","","","","","","NA"
"2016-11-18 04:00","2016","11","18","04:00","7.9","","5.8","","87","","","M","","M","","","100.41","","","","","","NA"
"2016-11-18 05:00","2016","11","18","05:00","8.3","","6.7","","89","","","M","","M","","","100.38","","","","","","NA"
"2016-11-18 06:00","2016","11","18","06:00","8.7","","6.5","","86","","","M","","M","","","100.36","","","","","","NA"
"2016-11-18 07:00","2016","11","18","07:00","9.3","","6.4","","82","","","M","","M","","","100.35","","","","","","NA"
"2016-11-18 08:00","2016","11","18","08:00","8.9","","6.0","","82","","","M","","M","","","100.36","","","","","","NA"
"2016-11-18 09:00","2016","11","18","09:00","10.8","","7.0","","77","","","M","","M","","","100.34","","","","","","NA"
"2016-11-18 10:00","2016","11","18","10:00","12.4","","7.3","","71","","","M","","M","","","100.34","","","","","","NA"
"2016-11-18 11:00","2016","11","18","11:00","14.6","","7.6","","63","","","M","","M","","","100.33","","","","","","NA"
"2016-11-18 12:00","2016","11","18","12:00","16.0","","7.8","","58","","","M","","M","","","100.24","","","","","","NA"
"2016-11-18 13:00","2016","11","18","13:00","17.0","","7.5","","53","","","M","","M","","","100.18","","","","","","NA"
"2016-11-18 14:00","2016","11","18","14:00","15.7","","7.4","","58","","","M","","M","","","100.11","","","","","","NA"
"2016-11-18 15:00","2016","11","18","15:00","14.5","","7.6","","63","","","M","","M","","","100.05","","","","","","NA"
"2016-11-18 16:00","2016","11","18","16:00","14.0","","7.1","","63","","","M","","M","","","100.02","","","","","","NA"
"2016-11-18 17:00","2016","11","18","17:00","13.5","","8.0","","70","","","M","","M","","","99.98","","","","","","NA"
"2016-11-18 18:00","2016","11","18","18:00","13.1","","7.7","","70","","","M","","M","","","99.93","","","","","","NA"
"2016-11-18 19:00","2016","11","18","19:00","12.9","","7.3","","69","","","M","","M","","","99.93","","","","","","NA"
"2016-11-18 20:00","2016","11","18","20:00","12.1","","7.5","","73","","","M","","M","","","99.87","","","","","","NA"
"2016-11-18 21:00","2016","11","18","21:00","11.5","","7.6","","77","","","M","","M","","","99.82","","","","","","NA"
"2016-11-18 22:00","2016","11","18","22:00","11.1","","7.3","","78","","","M","","M","","","99.84","","","","","","NA"
"2016-11-18 23:00","2016","11","18","23:00","13.5","","7.6","","68","","","M","","M","","","99.80","","","","","","NA"
"2016-11-19 00:00","2016","11","19","00:00","14.2","","7.6","","64","","","M","","M","","","99.67","","","","","","NA"
"2016-11-19 01:00","2016","11","19","01:00","14.2","","7.3","","63","","","M","","M","","","99.60","","","","","","NA"
"2016-11-19 02:00","2016","11","19","02:00","13.9","","7.0","","63","","","M","","M","","","99.59","","","","","","NA"
"2016-11-19 03:00","2016","11","19","03:00","14.8","","6.9","","59","","","M","","M","","","99.53","","","","","","NA"
"2016-11-19 04:00","2016","11","19","04:00","13.2","","6.9","","66","","","M","","M","","","99.45","","","","","","NA"
"2016-11-19 05:00","2016","11","19","05:00","14.7","","6.4","","57","","","M","","M","","","99.33","","","","","","NA"
"2016-11-19 06:00","2016","11","19","06:00","14.9","","6.2","","56","","","M","","M","","","99.26","","","","","","NA"
"2016-11-19 07:00","2016","11","19","07:00","14.6","","6.5","","58","","","M","","M","","","99.21","","","","","","NA"
"2016-11-19 08:00","2016","11","19","08:00","14.4","","6.7","","60","","","M","","M","","","99.17","","","","","","NA"
"2016-11-19 09:00","2016","11","19","09:00","13.6","","7.5","","67","","","M","","M","","","99.26","","","","","","NA"
"2016-11-19 10:00","2016","11","19","10:00","12.1","","5.6","","64","","","M","","M","","","99.33","","","","","","NA"
"2016-11-19 11:00","2016","11","19","11:00","10.7","","5.0","","68","","","M","","M","","","99.29","","","","","","NA"
"2016-11-19 12:00","2016","11","19","12:00","8.6","","6.0","","84","","","M","","M","","","99.32","","","","","","NA"
"2016-11-19 13:00","2016","11","19","13:00","5.6","","2.9","","83","","","M","","M","","","99.38","","","","","","NA"
"2016-11-19 14:00","2016","11","19","14:00","4.1","","1.8","","85","","","M","","M","","","99.40","","","","","","NA"
"2016-11-19 15:00","2016","11","19","15:00","4.1","","1.9","","86","","","M","","M","","","99.41","","","","","","NA"
"2016-11-19 16:00","2016","11","19","16:00","4.4","","1.5","","81","","","M","","M","","","99.36","","","","","","NA"
"2016-11-19 17:00","2016","11","19","17:00","4.8","","0.7","","75","","","M","","M","","","99.39","","","","","","NA"
"2016-11-19 18:00","2016","11","19","18:00","4.7","","0.1","","72","","","M","","M","","","99.36","","","","","","NA"
"2016-11-19 19:00","2016","11","19","19:00","4.1","","0.5","","77","","","M","","M","","","99.41","","","","","","NA"
"2016-11-19 20:00","2016","11","19","20:00","4.0","","0.4","","78","","","M","","M","","","99.36","","","","","","NA"
"2016-11-19 21:00","2016","11","19","21:00","3.7","","-1.4","","69","","","M","","M","","","99.41","","","","","","NA"
"2016-11-19 22:00","2016","11","19","22:00","3.2","","-2.4","","67","","","M","","M","","","99.40","","","","","","NA"
"2016-11-19 23:00","2016","11","19","23:00","2.4","","-3.6","","65","","","M","","M","","","99.38","","","","","","NA"
"2016-11-20 00:00","2016","11","20","00:00","1.7","","-3.1","","70","","","M","","M","","","99.33","","","","","","NA"
"2016-11-20 01:00","2016","11","20","01:00","1.2","","-3.2","","72","","","M","","M","","","99.22","","","","","","NA"
"2016-11-20 02:00","2016","11","20","02:00","0.8","","-1.5","","85","","","M","","M","","","99.14","","","","","","NA"
"2016-11-20 03:00","2016","11","20","03:00","1.0","","-1.1","","86","","","M","","M","","","99.09","","","","","","NA"
"2016-11-20 04:00","2016","11","20","04:00","1.5","","-0.4","","87","","","M","","M","","","99.08","","","","","","NA"
"2016-11-20 05:00","2016","11","20","05:00","2.4","","-0.7","","80","","","M","","M","","","99.12","","","","","","NA"
"2016-11-20 06:00","2016","11","20","06:00","1.9","","-2.7","","72","","","M","","M","","","99.16","","","","","","NA"
"2016-11-20 07:00","2016","11","20","07:00","1.0","","-3.4","","73","","","M","","M","","","99.22","","","","","","NA"
"2016-11-20 08:00","2016","11","20","08:00","0.6","","-3.0","","77","","","M","","M","","","99.26","","","","","","NA"
"2016-11-20 09:00","2016","11","20","09:00","-0.1","","-3.6","","77","","","M","","M","","","99.31","","","","","","NA"
"2016-11-20 10:00","2016","11","20","10:00","0.1","","-4.4","","72","","","M","","M","","","99.38","","","","","","NA"
"2016-11-20 11:00","2016","11","20","11:00","0.7","","-3.5","","73","","","M","","M","","","99.41","","","","","","NA"
"2016-11-20 12:00","2016","11","20","12:00","0.4","","-1.6","","86","","","M","","M","","","99.39","","","","","","NA"
"2016-11-20 13:00","2016","11","20","13:00","0.8","","-2.6","","78","","","M","","M","","","99.38","","","","","","NA"
"2016-11-20 14:00","2016","11","20","14:00","0.5","","-2.8","","78","","","M","","M","","","99.41","","","","","","NA"
"2016-11-20 15:00","2016","11","20","15:00","0.3","","-3.1","","78","","","M","","M","","","99.46","","","","","","NA"
"2016-11-20 16:00","2016","11","20","16:00","0.2","","-3.7","","75","","","M","","M","","","99.52","","","","","","NA"
"2016-11-20 17:00","2016","11","20","17:00","0.0","","-4.3","","73","","","M","","M","","","99.58","","","","","","NA"
"2016-11-20 18:00","2016","11","20","18:00","-0.4","","-4.5","","74","","","M","","M","","","99.62","","","","","","NA"
"2016-11-20 19:00","2016","11","20","19:00","-0.7","","-4.5","","76","","","M","","M","","","99.63","","","","","","NA"
"2016-11-20 20:00","2016","11","20","20:00","-1.3","","-3.8","","83","","","M","","M","","","99.63","","","","","","NA"
"2016-11-20 21:00","2016","11","20","21:00","-1.6","","-3.7","","85","","","M","","M","","","99.64","","","","","","NA"
"2016-11-20 22:00","2016","11","20","22:00","-1.7","","-4.7","","80","","","M","","M","","","99.66","","","","","","NA"
"2016-11-20 23:00","2016","11","20","23:00","-2.1","","-5.0","","80","","","M","","M","","","99.63","","","","","","NA"
"2016-11-21 00:00","2016","11","21","00:00","-2.5","","-5.6","","79","","","M","","M","","","99.63","","","","","","NA"
"2016-11-21 01:00","2016","11","21","01:00","-2.4","","-6.1","","76","","","M","","M","","","99.61","","","","","","NA"
"2016-11-21 02:00","2016","11","21","02:00","-2.2","","-6.6","","72","","","M","","M","","","99.61","","","","","","NA"
"2016-11-21 03:00","2016","11","21","03:00","-2.0","","-6.5","","72","","","M","","M","","","99.65","","","","","","NA"
"2016-11-21 04:00","2016","11","21","04:00","-2.2","","-6.5","","72","","","M","","M","","","99.65","","","","","","NA"
"2016-11-21 05:00","2016","11","21","05:00","-2.5","","-6.2","","76","","","M","","M","","","99.69","","","","","","NA"
"2016-11-21 06:00","2016","11","21","06:00","-2.3","","-6.4","","74","","","M","","M","","","99.73","","","","","","NA"
"2016-11-21 07:00","2016","11","21","07:00","-2.0","","-6.7","","70","","","M","","M","","","99.78","","","","","","NA"
"2016-11-21 08:00","2016","11","21","08:00","-1.8","","-6.9","","68","","","M","","M","","","99.81","","","","","","NA"
"2016-11-21 09:00","2016","11","21","09:00","-1.4","","-7.8","","62","","","M","","M","","","99.82","","","","","","NA"
"2016-11-21 10:00","2016","11","21","10:00","-0.8","","-7.1","","62","","","M","","M","","","99.83","","","","","","NA"
"2016-11-21 11:00","2016","11","21","11:00","0.0","","-7.0","","59","","","M","","M","","","99.83","","","","","","NA"
"2016-11-21 12:00","2016","11","21","12:00","0.5","","-7.3","","56","","","M","","M","","","99.83","","","","","","NA"
"2016-11-21 13:00","2016","11","21","13:00","1.0","","-7.5","","53","","","M","","M","","","99.81","","","","","","NA"
"2016-11-21 14:00","2016","11","21","14:00","1.2","","-7.6","","52","","","M","","M","","","99.85","","","","","","NA"
"2016-11-21 15:00","2016","11","21","15:00","1.0","","-7.7","","52","","","M","","M","","","99.88","","","","","","NA"
"2016-11-21 16:00","2016","11","21","16:00","0.8","","-7.5","","54","","","M","","M","","","99.96","","","","","","NA"
"2016-11-21 17:00","2016","11","21","17:00","0.7","","-7.2","","55","","","M","","M","","","100.00","","","","","","NA"
"2016-11-21 18:00","2016","11","21","18:00","0.7","","-6.9","","57","","","M","","M","","","100.04","","","","","","NA"
"2016-11-21 19:00","2016","11","21","19:00","0.7","","-6.8","","57","","","M","","M","","","100.10","","","","","","NA"
"2016-11-21 20:00","2016","11","21","20:00","0.8","","-6.8","","57","","","M","","M","","","100.15","","","","","","NA"
"2016-11-21 21:00","2016","11","21","21:00","0.9","","-6.6","","58","","","M","","M","","","100.19","","","","","","NA"
"2016-11-21 22:00","2016","11","21","22:00","0.7","","-6.7","","58","","","M","","M","","","100.25","","","","","","NA"
"2016-11-21 23:00","2016","11","21","23:00","0.4","","-6.2","","61","","","M","","M","","","100.33","","","","","","NA"
"2016-11-22 00:00","2016","11","22","00:00","0.1","","-5.6","","65","","","M","","M","","","100.37","","","","","","NA"
"2016-11-22 01:00","2016","11","22","01:00","-0.4","","-5.6","","68","","","M","","M","","","100.38","","","","","","NA"
"2016-11-22 02:00","2016","11","22","02:00","-0.7","","-5.2","","72","","","M","","M","","","100.46","","","","","","NA"
"2016-11-22 03:00","2016","11","22","03:00","-0.6","","-4.8","","73","","","M","","M","","","100.54","","","","","","NA"
"2016-11-22 04:00","2016","11","22","04:00","-0.8","","-4.6","","75","","","M","","M","","","100.56","","","","","","NA"
"2016-11-22 05:00","2016","11","22","05:00","-0.7","","-4.6","","75","","","M","","M","","","100.63","","","","","","NA"
"2016-11-22 06:00","2016","11","22","06:00","-0.8","","-4.4","","77","","","M","","M","","","100.68","","","","","","NA"
"2016-11-22 07:00","2016","11","22","07:00","-0.7","","-4.1","","78","","","M","","M","","","100.75","","","","","","NA"
"2016-11-22 08:00","2016","11","22","08:00","-0.6","","-4.1","","77","","","M","","M","","","100.85","","","","","","NA"
"2016-11-22 09:00","2016","11","22","09:00","0.1","","-4.0","","74","","","M","","M","","","100.94","","","","","","NA"
"2016-11-22 10:00","2016","11","22","10:00","0.8","","-4.5","","68","","","M","","M","","","100.98","","","","","","NA"
"2016-11-22 11:00","2016","11","22","11:00","1.5","","-4.1","","66","","","M","","M","","","101.03","","","","","","NA"
"2016-11-22 12:00","2016","11","22","12:00","2.1","","-4.3","","62","","","M","","M","","","101.00","","","","","","NA"
"2016-11-22 13:00","2016","11","22","13:00","2.5","","-4.5","","60","","","M","","M","","","101.02","","","","","","NA"
"2016-11-22 14:00","2016","11","22","14:00","2.7","","-4.9","","57","","","M","","M","","","101.03","","","","","","NA"
"2016-11-22 15:00","2016","11","22","15:00","2.4","","-5.7","","55","","","M","","M","","","101.06","","","","","","NA"
"2016-11-22 16:00","2016","11","22","16:00","2.3","","-6.0","","54","","","M","","M","","","101.10","","","","","","NA"
"2016-11-22 17:00","2016","11","22","17:00","1.3","","-5.7","","60","","","M","","M","","","101.14","","","","","","NA"
"2016-11-22 18:00","2016","11","22","18:00","0.6","","-5.5","","64","","","M","","M","","","101.23","","","","","","NA"
"2016-11-22 19:00","2016","11","22","19:00","0.2","","-5.5","","66","","","M","","M","","","101.25","","","","","","NA"
"2016-11-22 20:00","2016","11","22","20:00","-0.1","","-5.6","","66","","","M","","M","","","101.30","","","","","","NA"
"2016-11-22 21:00","2016","11","22","21:00","-0.9","","-5.5","","71","","","M","","M","","","101.32","","","","","","NA"
"2016-11-22 22:00","2016","11","22","22:00","-1.3","","-5.4","","74","","","M","","M","","","101.32","","","","","","NA"
"2016-11-22 23:00","2016","11","22","23:00","-1.4","","-5.5","","74","","","M","","M","","","101.33","","","","","","NA"
"2016-11-23 00:00","2016","11","23","00:00","-1.9","","-5.7","","75","","","M","","M","","","101.35","","","","","","NA"
"2016-11-23 01:00","2016","11","23","01:00","-1.8","","-5.3","","77","","","M","","M","","","101.35","","","","","","NA"
"2016-11-23 02:00","2016","11","23","02:00","-1.4","","-5.3","","75","","","M","","M","","","101.36","","","","","","NA"
"2016-11-23 03:00","2016","11","23","03:00","-1.3","","-5.2","","75","","","M","","M","","","101.39","","","","","","NA"
"2016-11-23 04:00","2016","11","23","04:00","-1.2","","-4.9","","76","","","M","","M","","","101.42","","","","","","NA"
"2016-11-23 05:00","2016","11","23","05:00","-1.4","","-4.8","","77","","","M","","M","","","101.41","","","","","","NA"
"2016-11-23 06:00","2016","11","23","06:00","-1.8","","-6.0","","73","","","M","","M","","","101.42","","","","","","NA"
"2016-11-23 07:00","2016","11","23","07:00","-1.9","","-7.0","","68","","","M","","M","","","101.41","","","","","","NA"
"2016-11-23 08:00","2016","11","23","08:00","-1.9","","-6.7","","70","","","M","","M","","","101.45","","","","","","NA"
"2016-11-23 09:00","2016","11","23","09:00","-1.6","","-6.3","","71","","","M","","M","","","101.45","","","","","","NA"
"2016-11-23 10:00","2016","11","23","10:00","-1.0","","-5.8","","70","","","M","","M","","","101.39","","","","","","NA"
"2016-11-23 11:00","2016","11","23","11:00","-0.5","","-5.5","","69","","","M","","M","","","101.34","","","","","","NA"
"2016-11-23 12:00","2016","11","23","12:00","-0.3","","-5.3","","69","","","M","","M","","","101.32","","","","","","NA"
"2016-11-23 13:00","2016","11","23","13:00","0.3","","-4.2","","72","","","M","","M","","","101.30","","","","","","NA"
"2016-11-23 14:00","2016","11","23","14:00","0.0","","-4.5","","71","","","M","","M","","","101.24","","","","","","NA"
"2016-11-23 15:00","2016","11","23","15:00","0.0","","-5.0","","69","","","M","","M","","","101.19","","","","","","NA"
"2016-11-23 16:00","2016","11","23","16:00","0.0","","-4.6","","71","","","M","","M","","","101.11","","","","","","NA"
"2016-11-23 17:00","2016","11","23","17:00","0.0","","-3.5","","77","","","M","","M","","","101.11","","","","","","NA"
"2016-11-23 18:00","2016","11","23","18:00","0.7","","-1.9","","83","","","M","","M","","","101.01","","","","","","NA"
"2016-11-23 19:00","2016","11","23","19:00","1.1","","-1.6","","82","","","M","","M","","","101.05","","","","","","NA"
"2016-11-23 20:00","2016","11","23","20:00","1.6","","-0.6","","85","","","M","","M","","","101.03","","","","","","NA"
"2016-11-23 21:00","2016","11","23","21:00","1.5","","0.1","","90","","","M","","M","","","100.98","","","","","","NA"
"2016-11-23 22:00","2016","11","23","22:00","1.7","","-0.1","","88","","","M","","M","","","100.86","","","","","","NA"
"2016-11-23 23:00","2016","11","23","23:00","1.6","","0.5","","92","","","M","","M","","","100.83","","","","","","NA"
"2016-11-24 00:00","2016","11","24","00:00","1.7","","0.0","","88","","","M","","M","","","100.80","","","","","","NA"
"2016-11-24 01:00","2016","11","24","01:00","2.3","","0.9","","90","","","M","","M","","","100.69","","","","","","NA"
"2016-11-24 02:00","2016","11","24","02:00","2.4","","1.1","","91","","","M","","M","","","100.65","","","","","","NA"
"2016-11-24 03:00","2016","11","24","03:00","2.9","","1.7","","92","","","M","","M","","","100.58","","","","","","NA"
"2016-11-24 04:00","2016","11","24","04:00","3.2","","1.9","","92","","","M","","M","","","100.54","","","","","","NA"
"2016-11-24 05:00","2016","11","24","05:00","3.6","","2.2","","91","","","M","","M","","","100.49","","","","","","NA"
"2016-11-24 06:00","2016","11","24","06:00","4.0","","2.0","","87","","","M","","M","","","100.43","","","","","","NA"
"2016-11-24 07:00","2016","11","24","07:00","3.6","","2.0","","89","","","M","","M","","","100.40","","","","","","NA"
"2016-11-24 08:00","2016","11","24","08:00","3.2","","2.0","","92","","","M","","M","","","100.43","","","","","","NA"
"2016-11-24 09:00","2016","11","24","09:00","3.6","","2.9","","95","","","M","","M","","","100.45","","","","","","NA"
"2016-11-24 10:00","2016","11","24","10:00","3.6","","2.7","","94","","","M","","M","","","100.48","","","","","","NA"
"2016-11-24 11:00","2016","11","24","11:00","4.4","","3.5","","94","","","M","","M","","","100.47","","","","","","NA"
"2016-11-24 12:00","2016","11","24","12:00","3.9","","3.2","","95","","","M","","M","","","100.41","","","","","","NA"
"2016-11-24 13:00","2016","11","24","13:00","3.9","","2.9","","93","","","M","","M","","","100.43","","","","","","NA"
"2016-11-24 14:00","2016","11","24","14:00","3.5","","2.1","","91","","","M","","M","","","100.44","","","","","","NA"
"2016-11-24 15:00","2016","11","24","15:00","3.5","","2.4","","92","","","M","","M","","","100.51","","","","","","NA"
"2016-11-24 16:00","2016","11","24","16:00","3.7","","2.2","","90","","","M","","M","","","100.58","","","","","","NA"
"2016-11-24 17:00","2016","11","24","17:00","3.9","","1.9","","87","","","M","","M","","","100.64","","","","","","NA"
"2016-11-24 18:00","2016","11","24","18:00","4.1","","1.9","","86","","","M","","M","","","100.72","","","","","","NA"
"2016-11-24 19:00","2016","11","24","19:00","4.1","","2.2","","88","","","M","","M","","","100.76","","","","","","NA"
"2016-11-24 20:00","2016","11","24","20:00","4.2","","2.5","","89","","","M","","M","","","100.74","","","","","","NA"
"2016-11-24 21:00","2016","11","24","21:00","4.2","","2.5","","89","","","M","","M","","","100.78","","","","","","NA"
"2016-11-24 22:00","2016","11","24","22:00","4.3","","2.9","","91","","","M","","M","","","100.79","","","","","","NA"
"2016-11-24 23:00","2016","11","24","23:00","4.1","","2.3","","88","","","M","","M","","","100.81","","","","","","NA"
"2016-11-25 00:00","2016","11","25","00:00","3.9","","2.9","","93","","","M","","M","","","100.82","","","","","","NA"
"2016-11-25 01:00","2016","11","25","01:00","3.7","","2.8","","93","","","M","","M","","","100.80","","","","","","NA"
"2016-11-25 02:00","2016","11","25","02:00","4.2","","3.4","","94","","","M","","M","","","100.79","","","","","","NA"
"2016-11-25 03:00","2016","11","25","03:00","4.7","","3.9","","95","","","M","","M","","","100.79","","","","","","NA"
"2016-11-25 04:00","2016","11","25","04:00","4.8","","4.0","","95","","","M","","M","","","100.76","","","","","","NA"
"2016-11-25 05:00","2016","11","25","05:00","4.8","","4.1","","95","","","M","","M","","","100.77","","","","","","NA"
"2016-11-25 06:00","2016","11","25","06:00","5.0","","4.4","","96","","","M","","M","","","100.78","","","","","","NA"
"2016-11-25 07:00","2016","11","25","07:00","4.9","","4.2","","95","","","M","","M","","","100.80","","","","","","NA"
"2016-11-25 08:00","2016","11","25","08:00","5.1","","4.3","","95","","","M","","M","","","100.81","","","","","","NA"
"2016-11-25 09:00","2016","11","25","09:00","5.4","","4.4","","93","","","M","","M","","","100.81","","","","","","NA"
"2016-11-25 10:00","2016","11","25","10:00","5.5","","3.8","","89","","","M","","M","","","100.83","","","","","","NA"
"2016-11-25 11:00","2016","11","25","11:00","5.5","","4.3","","92","","","M","","M","","","100.82","","","","","","NA"
"2016-11-25 12:00","2016","11","25","12:00","6.3","","4.2","","86","","","M","","M","","","100.75","","","","","","NA"
"2016-11-25 13:00","2016","11","25","13:00","6.9","","4.3","","83","","","M","","M","","","100.68","","","","","","NA"
"2016-11-25 14:00","2016","11","25","14:00","7.9","","2.3","","68","","","M","","M","","","100.65","","","","","","NA"
"2016-11-25 15:00","2016","11","25","15:00","7.6","","1.9","","67","","","M","","M","","","100.67","","","","","","NA"
"2016-11-25 16:00","2016","11","25","16:00","7.4","","2.2","","70","","","M","","M","","","100.69","","","","","","NA"
"2016-11-25 17:00","2016","11","25","17:00","7.1","","2.2","","71","","","M","","M","","","100.72","","","","","","NA"
"2016-11-25 18:00","2016","11","25","18:00","6.9","","2.1","","71","","","M","","M","","","100.76","","","","","","NA"
"2016-11-25 19:00","2016","11","25","19:00","6.6","","2.3","","74","","","M","","M","","","100.79","","","","","","NA"
"2016-11-25 20:00","2016","11","25","20:00","6.6","","2.2","","74","","","M","","M","","","100.79","","","","","","NA"
"2016-11-25 21:00","2016","11","25","21:00","6.3","","2.4","","76","","","M","","M","","","100.80","","","","","","NA"
"2016-11-25 22:00","2016","11","25","22:00","6.1","","2.5","","78","","","M","","M","","","100.79","","","","","","NA"
"2016-11-25 23:00","2016","11","25","23:00","6.1","","2.2","","76","","","M","","M","","","100.76","","","","","","NA"
"2016-11-26 00:00","2016","11","26","00:00","5.8","","2.0","","76","","","M","","M","","","100.73","","","","","","NA"
"2016-11-26 01:00","2016","11","26","01:00","5.5","","2.0","","78","","","M","","M","","","100.69","","","","","","NA"
"2016-11-26 02:00","2016","11","26","02:00","5.2","","2.6","","83","","","M","","M","","","100.69","","","","","","NA"
"2016-11-26 03:00","2016","11","26","03:00","4.6","","2.9","","89","","","M","","M","","","100.68","","","","","","NA"
"2016-11-26 04:00","2016","11","26","04:00","3.8","","2.2","","89","","","M","","M","","","100.68","","","","","","NA"
"2016-11-26 05:00","2016","11","26","05:00","3.6","","2.5","","93","","","M","","M","","","100.68","","","","","","NA"
"2016-11-26 06:00","2016","11","26","06:00","3.4","","2.6","","94","","","M","","M","","","100.70","","","","","","NA"
"2016-11-26 07:00","2016","11","26","07:00","3.3","","2.4","","94","","","M","","M","","","100.73","","","","","","NA"
"2016-11-26 08:00","2016","11","26","08:00","3.3","","2.3","","94","","","M","","M","","","100.74","","","","","","NA"
"2016-11-26 09:00","2016","11","26","09:00","3.7","","2.8","","94","","","M","","M","","","100.77","","","","","","NA"
"2016-11-26 10:00","2016","11","26","10:00","4.2","","2.0","","86","","","M","","M","","","100.77","","","","","","NA"
"2016-11-26 11:00","2016","11","26","11:00","4.8","","1.6","","80","","","M","","M","","","100.77","","","","","","NA"
"2016-11-26 12:00","2016","11","26","12:00","5.7","","1.1","","72","","","M","","M","","","100.72","","","","","","NA"
"2016-11-26 13:00","2016","11","26","13:00","6.2","","0.2","","65","","","M","","M","","","100.66","","","","","","NA"
"2016-11-26 14:00","2016","11","26","14:00","7.1","","0.2","","61","","","M","","M","","","100.64","","","","","","NA"
"2016-11-26 15:00","2016","11","26","15:00","7.1","","0.1","","61","","","M","","M","","","100.64","","","","","","NA"
"2016-11-26 16:00","2016","11","26","16:00","6.8","","-0.1","","61","","","M","","M","","","100.67","","","","","","NA"
"2016-11-26 17:00","2016","11","26","17:00","6.5","","0.4","","65","","","M","","M","","","100.68","","","","","","NA"
"2016-11-26 18:00","2016","11","26","18:00","4.0","","1.9","","86","","","M","","M","","","100.71","","","","","","NA"
"2016-11-26 19:00","2016","11","26","19:00","4.4","","2.0","","85","","","M","","M","","","100.69","","","","","","NA"
"2016-11-26 20:00","2016","11","26","20:00","4.3","","1.5","","83","","","M","","M","","","100.69","","","","","","NA"
"2016-11-26 21:00","2016","11","26","21:00","4.0","","1.5","","84","","","M","","M","","","100.68","","","","","","NA"
"2016-11-26 22:00","2016","11","26","22:00","4.4","","1.6","","82","","","M","","M","","","100.65","","","","","","NA"
"2016-11-26 23:00","2016","11","26","23:00","4.3","","1.5","","82","","","M","","M","","","100.61","","","","","","NA"
"2016-11-27 00:00","2016","11","27","00:00","4.2","","1.4","","82","","","M","","M","","","100.59","","","","","","NA"
"2016-11-27 01:00","2016","11","27","01:00","4.3","","1.0","","79","","","M","","M","","","100.59","","","","","","NA"
"2016-11-27 02:00","2016","11","27","02:00","4.0","","0.9","","80","","","M","","M","","","100.61","","","","","","NA"
"2016-11-27 03:00","2016","11","27","03:00","3.9","","0.9","","81","","","M","","M","","","100.63","","","","","","NA"
"2016-11-27 04:00","2016","11","27","04:00","3.8","","0.8","","81","","","M","","M","","","100.65","","","","","","NA"
"2016-11-27 05:00","2016","11","27","05:00","3.7","","0.7","","80","","","M","","M","","","100.65","","","","","","NA"
"2016-11-27 06:00","2016","11","27","06:00","4.0","","0.9","","80","","","M","","M","","","100.65","","","","","","NA"
"2016-11-27 07:00","2016","11","27","07:00","3.9","","0.9","","81","","","M","","M","","","100.69","","","","","","NA"
"2016-11-27 08:00","2016","11","27","08:00","3.6","","0.9","","82","","","M","","M","","","100.70","","","","","","NA"
"2016-11-27 09:00","2016","11","27","09:00","4.3","","0.4","","76","","","M","","M","","","100.71","","","","","","NA"
"2016-11-27 10:00","2016","11","27","10:00","5.5","","0.8","","72","","","M","","M","","","100.74","","","","","","NA"
"2016-11-27 11:00","2016","11","27","11:00","6.5","","0.6","","66","","","M","","M","","","100.71","","","","","","NA"
"2016-11-27 12:00","2016","11","27","12:00","7.0","","0.3","","62","","","M","","M","","","100.65","","","","","","NA"
"2016-11-27 13:00","2016","11","27","13:00","7.8","","0.7","","61","","","M","","M","","","100.60","","","","","","NA"
"2016-11-27 14:00","2016","11","27","14:00","8.0","","-0.1","","57","","","M","","M","","","100.55","","","","","","NA"
"2016-11-27 15:00","2016","11","27","15:00","8.0","","1.5","","64","","","M","","M","","","100.53","","","","","","NA"
"2016-11-27 16:00","2016","11","27","16:00","7.8","","0.5","","60","","","M","","M","","","100.55","","","","","","NA"
"2016-11-27 17:00","2016","11","27","17:00","7.3","","0.5","","62","","","M","","M","","","100.55","","","","","","NA"
"2016-11-27 18:00","2016","11","27","18:00","7.2","","0.7","","63","","","M","","M","","","100.57","","","","","","NA"
"2016-11-27 19:00","2016","11","27","19:00","7.4","","0.4","","61","","","M","","M","","","100.57","","","","","","NA"
"2016-11-27 20:00","2016","11","27","20:00","7.3","","0.7","","63","","","M","","M","","","100.56","","","","","","NA"
"2016-11-27 21:00","2016","11","27","21:00","6.9","","2.4","","73","","","M","","M","","","100.58","","","","","","NA"
"2016-11-27 22:00","2016","11","27","22:00","5.8","","1.9","","76","","","M","","M","","","100.53","","","","","","NA"
"2016-11-27 23:00","2016","11","27","23:00","5.4","","2.1","","79","","","M","","M","","","100.50","","","","","","NA"
"2016-11-28 00:00","2016","11","28","00:00","5.5","","1.6","","76","","","M","","M","","","100.51","","","","","","NA"
"2016-11-28 01:00","2016","11","28","01:00","5.3","","1.5","","77","","","M","","M","","","100.46","","","","","","NA"
"2016-11-28 02:00","2016","11","28","02:00","5.5","","1.9","","78","","","M","","M","","","100.46","","","","","","NA"
"2016-11-28 03:00","2016","11","28","03:00","5.5","","2.4","","80","","","M","","M","","","100.45","","","","","","NA"
"2016-11-28 04:00","2016","11","28","04:00","5.4","","2.7","","83","","","M","","M","","","100.38","","","","","","NA"
"2016-11-28 05:00","2016","11","28","05:00","4.8","","2.9","","87","","","M","","M","","","100.33","","","","","","NA"
"2016-11-28 06:00","2016","11","28","06:00","5.2","","2.9","","85","","","M","","M","","","100.35","","","","","","NA"
"2016-11-28 07:00","2016","11","28","07:00","5.5","","2.7","","82","","","M","","M","","","100.30","","","","","","NA"
"2016-11-28 08:00","2016","11","28","08:00","5.2","","2.6","","83","","","M","","M","","","100.34","","","","","","NA"
"2016-11-28 09:00","2016","11","28","09:00","6.1","","2.3","","77","","","M","","M","","","100.36","","","","","","NA"
"2016-11-28 10:00","2016","11","28","10:00","6.2","","1.7","","73","","","M","","M","","","100.28","","","","","","NA"
"2016-11-28 11:00","2016","11","28","11:00","6.9","","2.4","","73","","","M","","M","","","100.21","","","","","","NA"
"2016-11-28 12:00","2016","11","28","12:00","6.5","","2.6","","76","","","M","","M","","","100.18","","","","","","NA"
"2016-11-28 13:00","2016","11","28","13:00","6.7","","1.7","","71","","","M","","M","","","100.00","","","","","","NA"
"2016-11-28 14:00","2016","11","28","14:00","7.0","","2.3","","72","","","M","","M","","","99.91","","","","","","NA"
"2016-11-28 15:00","2016","11","28","15:00","7.1","","2.8","","74","","","M","","M","","","99.98","","","","","","NA"
"2016-11-28 16:00","2016","11","28","16:00","7.1","","2.4","","72","","","M","","M","","","99.90","","","","","","NA"
"2016-11-28 17:00","2016","11","28","17:00","7.3","","3.4","","76","","","M","","M","","","99.84","","","","","","NA"
"2016-11-28 18:00","2016","11","28","18:00","7.6","","3.9","","78","","","M","","M","","","99.79","","","","","","NA"
"2016-11-28 19:00","2016","11","28","19:00","7.8","","4.5","","80","","","M","","M","","","99.80","","","","","","NA"
"2016-11-28 20:00","2016","11","28","20:00","8.1","","4.5","","78","","","M","","M","","","99.72","","","","","","NA"
"2016-11-28 21:00","2016","11","28","21:00","7.3","","4.4","","82","","","M","","M","","","99.65","","","","","","NA"
"2016-11-28 22:00","2016","11","28","22:00","7.4","","3.5","","76","","","M","","M","","","99.48","","","","","","NA"
"2016-11-28 23:00","2016","11","28","23:00","7.1","","3.9","","81","","","M","","M","","","99.61","","","","","","NA"
"2016-11-29 00:00","2016","11","29","00:00","6.7","","3.6","","81","","","M","","M","","","99.37","","","","","","NA"
"2016-11-29 01:00","2016","11","29","01:00","6.8","","1.4","","68","","","M","","M","","","99.18","","","","","","NA"
"2016-11-29 02:00","2016","11","29","02:00","7.0","","2.8","","75","","","M","","M","","","99.21","","","","","","NA"
"2016-11-29 03:00","2016","11","29","03:00","6.7","","3.3","","79","","","M","","M","","","99.21","","","","","","NA"
"2016-11-29 04:00","2016","11","29","04:00","6.6","","4.0","","83","","","M","","M","","","99.04","","","","","","NA"
"2016-11-29 05:00","2016","11","29","05:00","7.3","","4.2","","81","","","M","","M","","","98.97","","","","","","NA"
"2016-11-29 06:00","2016","11","29","06:00","7.7","","4.8","","82","","","M","","M","","","98.97","","","","","","NA"
"2016-11-29 07:00","2016","11","29","07:00","7.9","","5.2","","83","","","M","","M","","","98.95","","","","","","NA"
"2016-11-29 08:00","2016","11","29","08:00","9.0","","6.4","","83","","","M","","M","","","98.99","","","","","","NA"
"2016-11-29 09:00","2016","11","29","09:00","10.5","","7.0","","79","","","M","","M","","","99.02","","","","","","NA"
"2016-11-29 10:00","2016","11","29","10:00","11.0","","7.4","","79","","","M","","M","","","99.09","","","","","","NA"
"2016-11-29 11:00","2016","11","29","11:00","11.5","","7.8","","78","","","M","","M","","","99.07","","","","","","NA"
"2016-11-29 12:00","2016","11","29","12:00","11.9","","8.0","","77","","","M","","M","","","99.06","","","","","","NA"
"2016-11-29 13:00","2016","11","29","13:00","12.5","","8.1","","75","","","M","","M","","","99.07","","","","","","NA"
"2016-11-29 14:00","2016","11","29","14:00","12.5","","7.7","","72","","","M","","M","","","99.08","","","","","","NA"
"2016-11-29 15:00","2016","11","29","15:00","12.7","","7.7","","72","","","M","","M","","","99.15","","","","","","NA"
"2016-11-29 16:00","2016","11","29","16:00","11.9","","7.1","","72","","","M","","M","","","99.23","","","","","","NA"
"2016-11-29 17:00","2016","11","29","17:00","11.0","","6.7","","75","","","M","","M","","","99.29","","","","","","NA"
"2016-11-29 18:00","2016","11","29","18:00","10.6","","6.7","","77","","","M","","M","","","99.39","","","","","","NA"
"2016-11-29 19:00","2016","11","29","19:00","10.3","","6.7","","78","","","M","","M","","","99.43","","","","","","NA"
"2016-11-29 20:00","2016","11","29","20:00","9.6","","6.9","","84","","","M","","M","","","99.51","","","","","","NA"
"2016-11-29 21:00","2016","11","29","21:00","9.7","","6.7","","82","","","M","","M","","","99.51","","","","","","NA"
"2016-11-29 22:00","2016","11","29","22:00","8.6","","6.5","","87","","","M","","M","","","99.53","","","","","","NA"
"2016-11-29 23:00","2016","11","29","23:00","8.4","","6.4","","87","","","M","","M","","","99.52","","","","","","NA"
"2016-11-30 00:00","2016","11","30","00:00","7.9","","5.9","","87","","","M","","M","","","99.52","","","","","","NA"
"2016-11-30 01:00","2016","11","30","01:00","8.6","","6.3","","85","","","M","","M","","","99.51","","","","","","NA"
"2016-11-30 02:00","2016","11","30","02:00","9.4","","6.8","","84","","","M","","M","","","99.50","","","","","","NA"
"2016-11-30 03:00","2016","11","30","03:00","8.9","","6.5","","85","","","M","","M","","","99.44","","","","","","NA"
"2016-11-30 04:00","2016","11","30","04:00","8.7","","6.6","","87","","","M","","M","","","99.38","","","","","","NA"
"2016-11-30 05:00","2016","11","30","05:00","8.1","","6.5","","90","","","M","","M","","","99.27","","","","","","NA"
"2016-11-30 06:00","2016","11","30","06:00","8.7","","6.4","","86","","","M","","M","","","99.24","","","","","","NA"
"2016-11-30 07:00","2016","11","30","07:00","8.9","","6.4","","84","","","M","","M","","","99.23","","","","","","NA"
"2016-11-30 08:00","2016","11","30","08:00","9.3","","6.5","","83","","","M","","M","","","99.20","","","","","","NA"
"2016-11-30 09:00","2016","11","30","09:00","9.9","","6.5","","80","","","M","","M","","","99.13","","","","","","NA"
"2016-11-30 10:00","2016","11","30","10:00","10.7","","6.6","","76","","","M","","M","","","99.07","","","","","","NA"
"2016-11-30 11:00","2016","11","30","11:00","11.1","","7.2","","77","","","M","","M","","","99.03","","","","","","NA"
"2016-11-30 12:00","2016","11","30","12:00","11.3","","7.7","","79","","","M","","M","","","98.90","","","","","","NA"
"2016-11-30 13:00","2016","11","30","13:00","12.1","","7.8","","75","","","M","","M","","","98.84","","","","","","NA"
"2016-11-30 14:00","2016","11","30","14:00","11.8","","7.0","","72","","","M","","M","","","98.71","","","","","","NA"
"2016-11-30 15:00","2016","11","30","15:00","11.7","","7.2","","74","","","M","","M","","","98.64","","","","","","NA"
"2016-11-30 16:00","2016","11","30","16:00","11.7","","8.2","","79","","","M","","M","","","98.62","","","","","","NA"
"2016-11-30 17:00","2016","11","30","17:00","11.8","","9.2","","84","","","M","","M","","","98.58","","","","","","NA"
"2016-11-30 18:00","2016","11","30","18:00","12.3","","9.9","","85","","","M","","M","","","98.51","","","","","","NA"
"2016-11-30 19:00","2016","11","30","19:00","12.3","","10.1","","86","","","M","","M","","","98.47","","","","","","NA"
"2016-11-30 20:00","2016","11","30","20:00","11.5","","9.8","","89","","","M","","M","","","98.34","","","","","","NA"
"2016-11-30 21:00","2016","11","30","21:00","10.8","","9.5","","92","","","M","","M","","","98.35","","","","","","NA"
"2016-11-30 22:00","2016","11","30","22:00","9.9","","7.8","","87","","","M","","M","","","98.31","","","","","","NA"
"2016-11-30 23:00","2016","11","30","23:00","9.6","","7.6","","87","","","M","","M","","","98.31","","","","","","NA"
